Id,Name,Type_Primary,Type_Secondary,Primary_Ability,Secondary_Ability,Hidden_Ability,HP,Attack,Defense,Special_Attack,Special_Defense,Speed,Total,Image
1,Bulbasaur,Grass,Poison,Overgrow,Overgrow,Chlorophyll,45,49,49,65,65,45,318,images/001.png
2,Ivysaur,Grass,Poison,Overgrow,Overgrow,Chlorophyll,60,62,63,80,80,60,405,images/002.png
3,Venusaur,Grass,Poison,Overgrow,Overgrow,Chlorophyll,80,82,83,100,100,80,525,images/003.png
4,Charmander,Fire,Fire,Blaze,Blaze,Solar power,39,52,43,60,50,65,309,images/004.png
5,Charmeleon,Fire,Fire,Blaze,Blaze,Solar power,58,64,58,80,65,80,405,images/005.png
6,Charizard,Fire,Flying,Blaze,Blaze,Solar power,78,84,78,109,85,100,534,images/006.png
7,Squirtle,Water,Water,Torrent,Torrent,Rain dish,44,48,65,50,64,43,314,images/007.png
8,Wartortle,Water,Water,Torrent,Torrent,Rain dish,59,63,80,65,80,58,405,images/008.png
9,Blastoise,Water,Water,Torrent,Torrent,Rain dish,79,83,100,85,105,78,530,images/009.png
10,Caterpie,Bug,Bug,Shield dust,Shield dust,Run away,45,30,35,20,20,45,195,images/010.png
11,Metapod,Bug,Bug,Shed skin,Shed skin,,50,20,55,25,25,30,205,images/011.png
12,Butterfree,Bug,Flying,Compound eyes,Compound eyes,Tinted lens,60,45,50,90,80,70,395,images/012.png
13,Weedle,Bug,Poison,Shield dust,Shield dust,Run away,40,35,30,20,20,50,195,images/013.png
14,Kakuna,Bug,Poison,Shed skin,Shed skin,,45,25,50,25,25,35,205,images/014.png
15,Beedrill,Bug,Poison,Swarm,Swarm,Sniper,65,90,40,45,80,75,395,images/015.png
16,Pidgey,Normal,Flying,Keen eye,Tangled feet,Big pecks,40,45,40,35,35,56,251,images/016.png
17,Pidgeotto,Normal,Flying,Keen eye,Tangled feet,Big pecks,63,60,55,50,50,71,349,images/017.png
18,Pidgeot,Normal,Flying,Keen eye,Tangled feet,Big pecks,83,80,75,70,70,101,479,images/018.png
19,Rattata,Normal,Normal,Run away,Guts,Hustle,30,56,35,25,35,72,253,images/019.png
20,Raticate,Normal,Normal,Run away,Guts,Hustle,55,81,60,50,70,97,413,images/020.png
21,Spearow,Normal,Flying,Keen eye,Keen eye,Sniper,40,60,30,31,31,70,262,images/021.png
22,Fearow,Normal,Flying,Keen eye,Keen eye,Sniper,65,90,65,61,61,100,442,images/022.png
23,Ekans,Poison,Poison,Intimidate,Shed skin,Unnerve,35,60,44,40,54,55,288,images/023.png
24,Arbok,Poison,Poison,Intimidate,Shed skin,Unnerve,60,95,69,65,79,80,448,images/024.png
25,Pikachu,Electric,Electric,Static,Static,Lightning rod,35,55,40,50,50,90,320,images/025.png
26,Raichu,Electric,Electric,Static,Static,Lightning rod,60,90,55,90,80,110,485,images/026.png
27,Sandshrew,Ground,Ground,Sand veil,Sand veil,Sand rush,50,75,85,20,30,40,300,images/027.png
28,Sandslash,Ground,Ground,Sand veil,Sand veil,Sand rush,75,100,110,45,55,65,450,images/028.png
29,Nidoran f,Poison,Poison,Poison point,Rivalry,Hustle,55,47,52,40,40,41,275,images/029.png
30,Nidorina,Poison,Poison,Poison point,Rivalry,Hustle,70,62,67,55,55,56,365,images/030.png
31,Nidoqueen,Poison,Ground,Poison point,Rivalry,Sheer force,90,92,87,75,85,76,505,images/031.png
32,Nidoran m,Poison,Poison,Poison point,Rivalry,Hustle,46,57,40,40,40,50,273,images/032.png
33,Nidorino,Poison,Poison,Poison point,Rivalry,Hustle,61,72,57,55,55,65,365,images/033.png
34,Nidoking,Poison,Ground,Poison point,Rivalry,Sheer force,81,102,77,85,75,85,505,images/034.png
35,Clefairy,Fairy,Fairy,Cute charm,Magic guard,Friend guard,70,45,48,60,65,35,323,images/035.png
36,Clefable,Fairy,Fairy,Cute charm,Magic guard,Unaware,95,70,73,95,90,60,483,images/036.png
37,Vulpix,Fire,Fire,Flash fire,Flash fire,Drought,38,41,40,50,65,65,299,images/037.png
38,Ninetales,Fire,Fire,Flash fire,Flash fire,Drought,73,76,75,81,100,100,505,images/038.png
39,Jigglypuff,Normal,Fairy,Cute charm,Competitive,Friend guard,115,45,20,45,25,20,270,images/039.png
40,Wigglytuff,Normal,Fairy,Cute charm,Competitive,Frisk,140,70,45,85,50,45,435,images/040.png
41,Zubat,Poison,Flying,Inner focus,Inner focus,Infiltrator,40,45,35,30,40,55,245,images/041.png
42,Golbat,Poison,Flying,Inner focus,Inner focus,Infiltrator,75,80,70,65,75,90,455,images/042.png
43,Oddish,Grass,Poison,Chlorophyll,Chlorophyll,Run away,45,50,55,75,65,30,320,images/043.png
44,Gloom,Grass,Poison,Chlorophyll,Chlorophyll,Stench,60,65,70,85,75,40,395,images/044.png
45,Vileplume,Grass,Poison,Chlorophyll,Chlorophyll,Effect spore,75,80,85,110,90,50,490,images/045.png
46,Paras,Bug,Grass,Effect spore,Dry skin,Damp,35,70,55,45,55,25,285,images/046.png
47,Parasect,Bug,Grass,Effect spore,Dry skin,Damp,60,95,80,60,80,30,405,images/047.png
48,Venonat,Bug,Poison,Compound eyes,Tinted lens,Run away,60,55,50,40,55,45,305,images/048.png
49,Venomoth,Bug,Poison,Shield dust,Tinted lens,Wonder skin,70,65,60,90,75,90,450,images/049.png
50,Diglett,Ground,Ground,Sand veil,Arena trap,Sand force,10,55,25,35,45,95,265,images/050.png
51,Dugtrio,Ground,Ground,Sand veil,Arena trap,Sand force,35,100,50,50,70,120,425,images/051.png
52,Meowth,Normal,Normal,Pickup,Technician,Unnerve,40,45,35,40,40,90,290,images/052.png
53,Persian,Normal,Normal,Limber,Technician,Unnerve,65,70,60,65,65,115,440,images/053.png
54,Psyduck,Water,Water,Damp,Cloud nine,Swift swim,50,52,48,65,50,55,320,images/054.png
55,Golduck,Water,Water,Damp,Cloud nine,Swift swim,80,82,78,95,80,85,500,images/055.png
56,Mankey,Fighting,Fighting,Vital spirit,Anger point,Defiant,40,80,35,35,45,70,305,images/056.png
57,Primeape,Fighting,Fighting,Vital spirit,Anger point,Defiant,65,105,60,60,70,95,455,images/057.png
58,Growlithe,Fire,Fire,Intimidate,Flash fire,Justified,55,70,45,70,50,60,350,images/058.png
59,Arcanine,Fire,Fire,Intimidate,Flash fire,Justified,90,110,80,100,80,95,555,images/059.png
60,Poliwag,Water,Water,Water absorb,Damp,Swift swim,40,50,40,40,40,90,300,images/060.png
61,Poliwhirl,Water,Water,Water absorb,Damp,Swift swim,65,65,65,50,50,90,385,images/061.png
62,Poliwrath,Water,Fighting,Water absorb,Damp,Swift swim,90,95,95,70,90,70,510,images/062.png
63,Abra,Psychic,Psychic,Synchronize,Inner focus,Magic guard,25,20,15,105,55,90,310,images/063.png
64,Kadabra,Psychic,Psychic,Synchronize,Inner focus,Magic guard,40,35,30,120,70,105,400,images/064.png
65,Alakazam,Psychic,Psychic,Synchronize,Inner focus,Magic guard,55,50,45,135,95,120,500,images/065.png
66,Machop,Fighting,Fighting,Guts,No guard,Steadfast,70,80,50,35,35,35,305,images/066.png
67,Machoke,Fighting,Fighting,Guts,No guard,Steadfast,80,100,70,50,60,45,405,images/067.png
68,Machamp,Fighting,Fighting,Guts,No guard,Steadfast,90,130,80,65,85,55,505,images/068.png
69,Bellsprout,Grass,Poison,Chlorophyll,Chlorophyll,Gluttony,50,75,35,70,30,40,300,images/069.png
70,Weepinbell,Grass,Poison,Chlorophyll,Chlorophyll,Gluttony,65,90,50,85,45,55,390,images/070.png
71,Victreebel,Grass,Poison,Chlorophyll,Chlorophyll,Gluttony,80,105,65,100,70,70,490,images/071.png
72,Tentacool,Water,Poison,Clear body,Liquid ooze,Rain dish,40,40,35,50,100,70,335,images/072.png
73,Tentacruel,Water,Poison,Clear body,Liquid ooze,Rain dish,80,70,65,80,120,100,515,images/073.png
74,Geodude,Rock,Ground,Rock head,Sturdy,Sand veil,40,80,100,30,30,20,300,images/074.png
75,Graveler,Rock,Ground,Rock head,Sturdy,Sand veil,55,95,115,45,45,35,390,images/075.png
76,Golem,Rock,Ground,Rock head,Sturdy,Sand veil,80,120,130,55,65,45,495,images/076.png
77,Ponyta,Fire,Fire,Run away,Flash fire,Flame body,50,85,55,65,65,90,410,images/077.png
78,Rapidash,Fire,Fire,Run away,Flash fire,Flame body,65,100,70,80,80,105,500,images/078.png
79,Slowpoke,Water,Psychic,Oblivious,Own tempo,Regenerator,90,65,65,40,40,15,315,images/079.png
80,Slowbro,Water,Psychic,Oblivious,Own tempo,Regenerator,95,75,110,100,80,30,490,images/080.png
81,Magnemite,Electric,Steel,Magnet pull,Sturdy,Analytic,25,35,70,95,55,45,325,images/081.png
82,Magneton,Electric,Steel,Magnet pull,Sturdy,Analytic,50,60,95,120,70,70,465,images/082.png
83,Farfetchd,Normal,Flying,Keen eye,Inner focus,Defiant,52,90,55,58,62,60,377,images/083.png
84,Doduo,Normal,Flying,Run away,Early bird,Tangled feet,35,85,45,35,35,75,310,images/084.png
85,Dodrio,Normal,Flying,Run away,Early bird,Tangled feet,60,110,70,60,60,110,470,images/085.png
86,Seel,Water,Water,Thick fat,Hydration,Ice body,65,45,55,45,70,45,325,images/086.png
87,Dewgong,Water,Ice,Thick fat,Hydration,Ice body,90,70,80,70,95,70,475,images/087.png
88,Grimer,Poison,Poison,Stench,Sticky hold,Poison touch,80,80,50,40,50,25,325,images/088.png
89,Muk,Poison,Poison,Stench,Sticky hold,Poison touch,105,105,75,65,100,50,500,images/089.png
90,Shellder,Water,Water,Shell armor,Skill link,Overcoat,30,65,100,45,25,40,305,images/090.png
91,Cloyster,Water,Ice,Shell armor,Skill link,Overcoat,50,95,180,85,45,70,525,images/091.png
92,Gastly,Ghost,Poison,Levitate,Levitate,,30,35,30,100,35,80,310,images/092.png
93,Haunter,Ghost,Poison,Levitate,Levitate,,45,50,45,115,55,95,405,images/093.png
94,Gengar,Ghost,Poison,Cursed body,Cursed body,,60,65,60,130,75,110,500,images/094.png
95,Onix,Rock,Ground,Rock head,Sturdy,Weak armor,35,45,160,30,45,70,385,images/095.png
96,Drowzee,Psychic,Psychic,Insomnia,Forewarn,Inner focus,60,48,45,43,90,42,328,images/096.png
97,Hypno,Psychic,Psychic,Insomnia,Forewarn,Inner focus,85,73,70,73,115,67,483,images/097.png
98,Krabby,Water,Water,Hyper cutter,Shell armor,Sheer force,30,105,90,25,25,50,325,images/098.png
99,Kingler,Water,Water,Hyper cutter,Shell armor,Sheer force,55,130,115,50,50,75,475,images/099.png
100,Voltorb,Electric,Electric,Soundproof,Static,Aftermath,40,30,50,55,55,100,330,images/100.png
101,Electrode,Electric,Electric,Soundproof,Static,Aftermath,60,50,70,80,80,150,490,images/101.png
102,Exeggcute,Grass,Psychic,Chlorophyll,Chlorophyll,Harvest,60,40,80,60,45,40,325,images/102.png
103,Exeggutor,Grass,Psychic,Chlorophyll,Chlorophyll,Harvest,95,95,85,125,75,55,530,images/103.png
104,Cubone,Ground,Ground,Rock head,Lightning rod,Battle armor,50,50,95,40,50,35,320,images/104.png
105,Marowak,Ground,Ground,Rock head,Lightning rod,Battle armor,60,80,110,50,80,45,425,images/105.png
106,Hitmonlee,Fighting,Fighting,Limber,Reckless,Unburden,50,120,53,35,110,87,455,images/106.png
107,Hitmonchan,Fighting,Fighting,Keen eye,Iron fist,Inner focus,50,105,79,35,110,76,455,images/107.png
108,Lickitung,Normal,Normal,Own tempo,Oblivious,Cloud nine,90,55,75,60,75,30,385,images/108.png
109,Koffing,Poison,Poison,Levitate,Levitate,,40,65,95,60,45,35,340,images/109.png
110,Weezing,Poison,Poison,Levitate,Levitate,,65,90,120,85,70,60,490,images/110.png
111,Rhyhorn,Ground,Rock,Lightning rod,Rock head,Reckless,80,85,95,30,30,25,345,images/111.png
112,Rhydon,Ground,Rock,Lightning rod,Rock head,Reckless,105,130,120,45,45,40,485,images/112.png
113,Chansey,Normal,Normal,Natural cure,Serene grace,Healer,250,5,5,35,105,50,450,images/113.png
114,Tangela,Grass,Grass,Chlorophyll,Leaf guard,Regenerator,65,55,115,100,40,60,435,images/114.png
115,Kangaskhan,Normal,Normal,Early bird,Scrappy,Inner focus,105,95,80,40,80,90,490,images/115.png
116,Horsea,Water,Water,Swift swim,Sniper,Damp,30,40,70,70,25,60,295,images/116.png
117,Seadra,Water,Water,Poison point,Sniper,Damp,55,65,95,95,45,85,440,images/117.png
118,Goldeen,Water,Water,Swift swim,Water veil,Lightning rod,45,67,60,35,50,63,320,images/118.png
119,Seaking,Water,Water,Swift swim,Water veil,Lightning rod,80,92,65,65,80,68,450,images/119.png
120,Staryu,Water,Water,Illuminate,Natural cure,Analytic,30,45,55,70,55,85,340,images/120.png
121,Starmie,Water,Psychic,Illuminate,Natural cure,Analytic,60,75,85,100,85,115,520,images/121.png
122,Mr mime,Psychic,Fairy,Soundproof,Filter,Technician,40,45,65,100,120,90,460,images/122.png
123,Scyther,Bug,Flying,Swarm,Technician,Steadfast,70,110,80,55,80,105,500,images/123.png
124,Jynx,Ice,Psychic,Oblivious,Forewarn,Dry skin,65,50,35,115,95,95,455,images/124.png
125,Electabuzz,Electric,Electric,Static,Static,Vital spirit,65,83,57,95,85,105,490,images/125.png
126,Magmar,Fire,Fire,Flame body,Flame body,Vital spirit,65,95,57,100,85,93,495,images/126.png
127,Pinsir,Bug,Bug,Hyper cutter,Mold breaker,Moxie,65,125,100,55,70,85,500,images/127.png
128,Tauros,Normal,Normal,Intimidate,Anger point,Sheer force,75,100,95,40,70,110,490,images/128.png
129,Magikarp,Water,Water,Swift swim,Swift swim,Rattled,20,10,55,15,20,80,200,images/129.png
130,Gyarados,Water,Flying,Intimidate,Intimidate,Moxie,95,125,79,60,100,81,540,images/130.png
131,Lapras,Water,Ice,Water absorb,Shell armor,Hydration,130,85,80,85,95,60,535,images/131.png
132,Ditto,Normal,Normal,Limber,Limber,Imposter,48,48,48,48,48,48,288,images/132.png
133,Eevee,Normal,Normal,Run away,Adaptability,Anticipation,55,55,50,45,65,55,325,images/133.png
134,Vaporeon,Water,Water,Water absorb,Water absorb,Hydration,130,65,60,110,95,65,525,images/134.png
135,Jolteon,Electric,Electric,Volt absorb,Volt absorb,Quick feet,65,65,60,110,95,130,525,images/135.png
136,Flareon,Fire,Fire,Flash fire,Flash fire,Guts,65,130,60,95,110,65,525,images/136.png
137,Porygon,Normal,Normal,Trace,Download,Analytic,65,60,70,85,75,40,395,images/137.png
138,Omanyte,Rock,Water,Swift swim,Shell armor,Weak armor,35,40,100,90,55,35,355,images/138.png
139,Omastar,Rock,Water,Swift swim,Shell armor,Weak armor,70,60,125,115,70,55,495,images/139.png
140,Kabuto,Rock,Water,Swift swim,Battle armor,Weak armor,30,80,90,55,45,55,355,images/140.png
141,Kabutops,Rock,Water,Swift swim,Battle armor,Weak armor,60,115,105,65,70,80,495,images/141.png
142,Aerodactyl,Rock,Flying,Rock head,Pressure,Unnerve,80,105,65,60,75,130,515,images/142.png
143,Snorlax,Normal,Normal,Immunity,Thick fat,Gluttony,160,110,65,65,110,30,540,images/143.png
144,Articuno,Ice,Flying,Pressure,Pressure,Snow cloak,90,85,100,95,125,85,580,images/144.png
145,Zapdos,Electric,Flying,Pressure,Pressure,Static,90,90,85,125,90,100,580,images/145.png
146,Moltres,Fire,Flying,Pressure,Pressure,Flame body,90,100,90,125,85,90,580,images/146.png
147,Dratini,Dragon,Dragon,Shed skin,Shed skin,Marvel scale,41,64,45,50,50,50,300,images/147.png
148,Dragonair,Dragon,Dragon,Shed skin,Shed skin,Marvel scale,61,84,65,70,70,70,420,images/148.png
149,Dragonite,Dragon,Flying,Inner focus,Inner focus,Multiscale,91,134,95,100,100,80,600,images/149.png
150,Mewtwo,Psychic,Psychic,Pressure,Pressure,Unnerve,106,110,90,154,90,130,680,images/150.png
151,Mew,Psychic,Psychic,Synchronize,Synchronize,,100,100,100,100,100,100,600,images/151.png
152,Chikorita,Grass,Grass,Overgrow,Overgrow,Leaf guard,45,49,65,49,65,45,318,images/152.png
153,Bayleef,Grass,Grass,Overgrow,Overgrow,Leaf guard,60,62,80,63,80,60,405,images/153.png
154,Meganium,Grass,Grass,Overgrow,Overgrow,Leaf guard,80,82,100,83,100,80,525,images/154.png
155,Cyndaquil,Fire,Fire,Blaze,Blaze,Flash fire,39,52,43,60,50,65,309,images/155.png
156,Quilava,Fire,Fire,Blaze,Blaze,Flash fire,58,64,58,80,65,80,405,images/156.png
157,Typhlosion,Fire,Fire,Blaze,Blaze,Flash fire,78,84,78,109,85,100,534,images/157.png
158,Totodile,Water,Water,Torrent,Torrent,Sheer force,50,65,64,44,48,43,314,images/158.png
159,Croconaw,Water,Water,Torrent,Torrent,Sheer force,65,80,80,59,63,58,405,images/159.png
160,Feraligatr,Water,Water,Torrent,Torrent,Sheer force,85,105,100,79,83,78,530,images/160.png
161,Sentret,Normal,Normal,Run away,Keen eye,Frisk,35,46,34,35,45,20,215,images/161.png
162,Furret,Normal,Normal,Run away,Keen eye,Frisk,85,76,64,45,55,90,415,images/162.png
163,Hoothoot,Normal,Flying,Insomnia,Keen eye,Tinted lens,60,30,30,36,56,50,262,images/163.png
164,Noctowl,Normal,Flying,Insomnia,Keen eye,Tinted lens,100,50,50,86,96,70,452,images/164.png
165,Ledyba,Bug,Flying,Swarm,Early bird,Rattled,40,20,30,40,80,55,265,images/165.png
166,Ledian,Bug,Flying,Swarm,Early bird,Iron fist,55,35,50,55,110,85,390,images/166.png
167,Spinarak,Bug,Poison,Swarm,Insomnia,Sniper,40,60,40,40,40,30,250,images/167.png
168,Ariados,Bug,Poison,Swarm,Insomnia,Sniper,70,90,70,60,70,40,400,images/168.png
169,Crobat,Poison,Flying,Inner focus,Inner focus,Infiltrator,85,90,80,70,80,130,535,images/169.png
170,Chinchou,Water,Electric,Volt absorb,Illuminate,Water absorb,75,38,38,56,56,67,330,images/170.png
171,Lanturn,Water,Electric,Volt absorb,Illuminate,Water absorb,125,58,58,76,76,67,460,images/171.png
172,Pichu,Electric,Electric,Static,Static,Lightning rod,20,40,15,35,35,60,205,images/172.png
173,Cleffa,Fairy,Fairy,Cute charm,Magic guard,Friend guard,50,25,28,45,55,15,218,images/173.png
174,Igglybuff,Normal,Fairy,Cute charm,Competitive,Friend guard,90,30,15,40,20,15,210,images/174.png
175,Togepi,Fairy,Fairy,Hustle,Serene grace,Super luck,35,20,65,40,65,20,245,images/175.png
176,Togetic,Fairy,Flying,Hustle,Serene grace,Super luck,55,40,85,80,105,40,405,images/176.png
177,Natu,Psychic,Flying,Synchronize,Early bird,Magic bounce,40,50,45,70,45,70,320,images/177.png
178,Xatu,Psychic,Flying,Synchronize,Early bird,Magic bounce,65,75,70,95,70,95,470,images/178.png
179,Mareep,Electric,Electric,Static,Static,Plus,55,40,40,65,45,35,280,images/179.png
180,Flaaffy,Electric,Electric,Static,Static,Plus,70,55,55,80,60,45,365,images/180.png
181,Ampharos,Electric,Electric,Static,Static,Plus,90,75,85,115,90,55,510,images/181.png
182,Bellossom,Grass,Grass,Chlorophyll,Chlorophyll,Healer,75,80,95,90,100,50,490,images/182.png
183,Marill,Water,Fairy,Thick fat,Huge power,Sap sipper,70,20,50,20,50,40,250,images/183.png
184,Azumarill,Water,Fairy,Thick fat,Huge power,Sap sipper,100,50,80,60,80,50,420,images/184.png
185,Sudowoodo,Rock,Rock,Sturdy,Rock head,Rattled,70,100,115,30,65,30,410,images/185.png
186,Politoed,Water,Water,Water absorb,Damp,Drizzle,90,75,75,90,100,70,500,images/186.png
187,Hoppip,Grass,Flying,Chlorophyll,Leaf guard,Infiltrator,35,35,40,35,55,50,250,images/187.png
188,Skiploom,Grass,Flying,Chlorophyll,Leaf guard,Infiltrator,55,45,50,45,65,80,340,images/188.png
189,Jumpluff,Grass,Flying,Chlorophyll,Leaf guard,Infiltrator,75,55,70,55,95,110,460,images/189.png
190,Aipom,Normal,Normal,Run away,Pickup,Skill link,55,70,55,40,55,85,360,images/190.png
191,Sunkern,Grass,Grass,Chlorophyll,Solar power,Early bird,30,30,30,30,30,30,180,images/191.png
192,Sunflora,Grass,Grass,Chlorophyll,Solar power,Early bird,75,75,55,105,85,30,425,images/192.png
193,Yanma,Bug,Flying,Speed boost,Compound eyes,Frisk,65,65,45,75,45,95,390,images/193.png
194,Wooper,Water,Ground,Damp,Water absorb,Unaware,55,45,45,25,25,15,210,images/194.png
195,Quagsire,Water,Ground,Damp,Water absorb,Unaware,95,85,85,65,65,35,430,images/195.png
196,Espeon,Psychic,Psychic,Synchronize,Synchronize,Magic bounce,65,65,60,130,95,110,525,images/196.png
197,Umbreon,Dark,Dark,Synchronize,Synchronize,Inner focus,95,65,110,60,130,65,525,images/197.png
198,Murkrow,Dark,Flying,Insomnia,Super luck,Prankster,60,85,42,85,42,91,405,images/198.png
199,Slowking,Water,Psychic,Oblivious,Own tempo,Regenerator,95,75,80,100,110,30,490,images/199.png
200,Misdreavus,Ghost,Ghost,Levitate,Levitate,,60,60,60,85,85,85,435,images/200.png
201,Unown,Psychic,Psychic,Levitate,Levitate,,48,72,48,72,48,48,336,images/201.png
202,Wobbuffet,Psychic,Psychic,Shadow tag,Shadow tag,Telepathy,190,33,58,33,58,33,405,images/202.png
203,Girafarig,Normal,Psychic,Inner focus,Early bird,Sap sipper,70,80,65,90,65,85,455,images/203.png
204,Pineco,Bug,Bug,Sturdy,Sturdy,Overcoat,50,65,90,35,35,15,290,images/204.png
205,Forretress,Bug,Steel,Sturdy,Sturdy,Overcoat,75,90,140,60,60,40,465,images/205.png
206,Dunsparce,Normal,Normal,Serene grace,Run away,Rattled,100,70,70,65,65,45,415,images/206.png
207,Gligar,Ground,Flying,Hyper cutter,Sand veil,Immunity,65,75,105,35,65,85,430,images/207.png
208,Steelix,Steel,Ground,Rock head,Sturdy,Sheer force,75,85,200,55,65,30,510,images/208.png
209,Snubbull,Fairy,Fairy,Intimidate,Run away,Rattled,60,80,50,40,40,30,300,images/209.png
210,Granbull,Fairy,Fairy,Intimidate,Quick feet,Rattled,90,120,75,60,60,45,450,images/210.png
211,Qwilfish,Water,Poison,Poison point,Swift swim,Intimidate,65,95,85,55,55,85,440,images/211.png
212,Scizor,Bug,Steel,Swarm,Technician,Light metal,70,130,100,55,80,65,500,images/212.png
213,Shuckle,Bug,Rock,Sturdy,Gluttony,Contrary,20,10,230,10,230,5,505,images/213.png
214,Heracross,Bug,Fighting,Swarm,Guts,Moxie,80,125,75,40,95,85,500,images/214.png
215,Sneasel,Dark,Ice,Inner focus,Keen eye,Pickpocket,55,95,55,35,75,115,430,images/215.png
216,Teddiursa,Normal,Normal,Pickup,Quick feet,Honey gather,60,80,50,50,50,40,330,images/216.png
217,Ursaring,Normal,Normal,Guts,Quick feet,Unnerve,90,130,75,75,75,55,500,images/217.png
218,Slugma,Fire,Fire,Magma armor,Flame body,Weak armor,40,40,40,70,40,20,250,images/218.png
219,Magcargo,Fire,Rock,Magma armor,Flame body,Weak armor,60,50,120,90,80,30,430,images/219.png
220,Swinub,Ice,Ground,Oblivious,Snow cloak,Thick fat,50,50,40,30,30,50,250,images/220.png
221,Piloswine,Ice,Ground,Oblivious,Snow cloak,Thick fat,100,100,80,60,60,50,450,images/221.png
222,Corsola,Water,Rock,Hustle,Natural cure,Regenerator,65,55,95,65,95,35,410,images/222.png
223,Remoraid,Water,Water,Hustle,Sniper,Moody,35,65,35,65,35,65,300,images/223.png
224,Octillery,Water,Water,Suction cups,Sniper,Moody,75,105,75,105,75,45,480,images/224.png
225,Delibird,Ice,Flying,Vital spirit,Hustle,Insomnia,45,55,45,65,45,75,330,images/225.png
226,Mantine,Water,Flying,Swift swim,Water absorb,Water veil,85,40,70,80,140,70,485,images/226.png
227,Skarmory,Steel,Flying,Keen eye,Sturdy,Weak armor,65,80,140,40,70,70,465,images/227.png
228,Houndour,Dark,Fire,Early bird,Flash fire,Unnerve,45,60,30,80,50,65,330,images/228.png
229,Houndoom,Dark,Fire,Early bird,Flash fire,Unnerve,75,90,50,110,80,95,500,images/229.png
230,Kingdra,Water,Dragon,Swift swim,Sniper,Damp,75,95,95,95,95,85,540,images/230.png
231,Phanpy,Ground,Ground,Pickup,Pickup,Sand veil,90,60,60,40,40,40,330,images/231.png
232,Donphan,Ground,Ground,Sturdy,Sturdy,Sand veil,90,120,120,60,60,50,500,images/232.png
233,Porygon2,Normal,Normal,Trace,Download,Analytic,85,80,90,105,95,60,515,images/233.png
234,Stantler,Normal,Normal,Intimidate,Frisk,Sap sipper,73,95,62,85,65,85,465,images/234.png
235,Smeargle,Normal,Normal,Own tempo,Technician,Moody,55,20,35,20,45,75,250,images/235.png
236,Tyrogue,Fighting,Fighting,Guts,Steadfast,Vital spirit,35,35,35,35,35,35,210,images/236.png
237,Hitmontop,Fighting,Fighting,Intimidate,Technician,Steadfast,50,95,95,35,110,70,455,images/237.png
238,Smoochum,Ice,Psychic,Oblivious,Forewarn,Hydration,45,30,15,85,65,65,305,images/238.png
239,Elekid,Electric,Electric,Static,Static,Vital spirit,45,63,37,65,55,95,360,images/239.png
240,Magby,Fire,Fire,Flame body,Flame body,Vital spirit,45,75,37,70,55,83,365,images/240.png
241,Miltank,Normal,Normal,Thick fat,Scrappy,Sap sipper,95,80,105,40,70,100,490,images/241.png
242,Blissey,Normal,Normal,Natural cure,Serene grace,Healer,255,10,10,75,135,55,540,images/242.png
243,Raikou,Electric,Electric,Pressure,Pressure,Inner focus,90,85,75,115,100,115,580,images/243.png
244,Entei,Fire,Fire,Pressure,Pressure,Inner focus,115,115,85,90,75,100,580,images/244.png
245,Suicune,Water,Water,Pressure,Pressure,Inner focus,100,75,115,90,115,85,580,images/245.png
246,Larvitar,Rock,Ground,Guts,Guts,Sand veil,50,64,50,45,50,41,300,images/246.png
247,Pupitar,Rock,Ground,Shed skin,Shed skin,,70,84,70,65,70,51,410,images/247.png
248,Tyranitar,Rock,Dark,Sand stream,Sand stream,Unnerve,100,134,110,95,100,61,600,images/248.png
249,Lugia,Psychic,Flying,Pressure,Pressure,Multiscale,106,90,130,90,154,110,680,images/249.png
250,Ho oh,Fire,Flying,Pressure,Pressure,Regenerator,106,130,90,110,154,90,680,images/250.png
251,Celebi,Psychic,Grass,Natural cure,Natural cure,,100,100,100,100,100,100,600,images/251.png
252,Treecko,Grass,Grass,Overgrow,Overgrow,Unburden,40,45,35,65,55,70,310,images/252.png
253,Grovyle,Grass,Grass,Overgrow,Overgrow,Unburden,50,65,45,85,65,95,405,images/253.png
254,Sceptile,Grass,Grass,Overgrow,Overgrow,Unburden,70,85,65,105,85,120,530,images/254.png
255,Torchic,Fire,Fire,Blaze,Blaze,Speed boost,45,60,40,70,50,45,310,images/255.png
256,Combusken,Fire,Fighting,Blaze,Blaze,Speed boost,60,85,60,85,60,55,405,images/256.png
257,Blaziken,Fire,Fighting,Blaze,Blaze,Speed boost,80,120,70,110,70,80,530,images/257.png
258,Mudkip,Water,Water,Torrent,Torrent,Damp,50,70,50,50,50,40,310,images/258.png
259,Marshtomp,Water,Ground,Torrent,Torrent,Damp,70,85,70,60,70,50,405,images/259.png
260,Swampert,Water,Ground,Torrent,Torrent,Damp,100,110,90,85,90,60,535,images/260.png
261,Poochyena,Dark,Dark,Run away,Quick feet,Rattled,35,55,35,30,30,35,220,images/261.png
262,Mightyena,Dark,Dark,Intimidate,Quick feet,Moxie,70,90,70,60,60,70,420,images/262.png
263,Zigzagoon,Normal,Normal,Pickup,Gluttony,Quick feet,38,30,41,30,41,60,240,images/263.png
264,Linoone,Normal,Normal,Pickup,Gluttony,Quick feet,78,70,61,50,61,100,420,images/264.png
265,Wurmple,Bug,Bug,Shield dust,Shield dust,Run away,45,45,35,20,30,20,195,images/265.png
266,Silcoon,Bug,Bug,Shed skin,Shed skin,,50,35,55,25,25,15,205,images/266.png
267,Beautifly,Bug,Flying,Swarm,Swarm,Rivalry,60,70,50,100,50,65,395,images/267.png
268,Cascoon,Bug,Bug,Shed skin,Shed skin,,50,35,55,25,25,15,205,images/268.png
269,Dustox,Bug,Poison,Shield dust,Shield dust,Compound eyes,60,50,70,50,90,65,385,images/269.png
270,Lotad,Water,Grass,Swift swim,Rain dish,Own tempo,40,30,30,40,50,30,220,images/270.png
271,Lombre,Water,Grass,Swift swim,Rain dish,Own tempo,60,50,50,60,70,50,340,images/271.png
272,Ludicolo,Water,Grass,Swift swim,Rain dish,Own tempo,80,70,70,90,100,70,480,images/272.png
273,Seedot,Grass,Grass,Chlorophyll,Early bird,Pickpocket,40,40,50,30,30,30,220,images/273.png
274,Nuzleaf,Grass,Dark,Chlorophyll,Early bird,Pickpocket,70,70,40,60,40,60,340,images/274.png
275,Shiftry,Grass,Dark,Chlorophyll,Early bird,Pickpocket,90,100,60,90,60,80,480,images/275.png
276,Taillow,Normal,Flying,Guts,Guts,Scrappy,40,55,30,30,30,85,270,images/276.png
277,Swellow,Normal,Flying,Guts,Guts,Scrappy,60,85,60,75,50,125,455,images/277.png
278,Wingull,Water,Flying,Keen eye,Hydration,Rain dish,40,30,30,55,30,85,270,images/278.png
279,Pelipper,Water,Flying,Keen eye,Drizzle,Rain dish,60,50,100,95,70,65,440,images/279.png
280,Ralts,Psychic,Fairy,Synchronize,Trace,Telepathy,28,25,25,45,35,40,198,images/280.png
281,Kirlia,Psychic,Fairy,Synchronize,Trace,Telepathy,38,35,35,65,55,50,278,images/281.png
282,Gardevoir,Psychic,Fairy,Synchronize,Trace,Telepathy,68,65,65,125,115,80,518,images/282.png
283,Surskit,Bug,Water,Swift swim,Swift swim,Rain dish,40,30,32,50,52,65,269,images/283.png
284,Masquerain,Bug,Flying,Intimidate,Intimidate,Unnerve,70,60,62,100,82,80,454,images/284.png
285,Shroomish,Grass,Grass,Effect spore,Poison heal,Quick feet,60,40,60,40,60,35,295,images/285.png
286,Breloom,Grass,Fighting,Effect spore,Poison heal,Technician,60,130,80,60,60,70,460,images/286.png
287,Slakoth,Normal,Normal,Truant,Truant,,60,60,60,35,35,30,280,images/287.png
288,Vigoroth,Normal,Normal,Vital spirit,Vital spirit,,80,80,80,55,55,90,440,images/288.png
289,Slaking,Normal,Normal,Truant,Truant,,150,160,100,95,65,100,670,images/289.png
290,Nincada,Bug,Ground,Compound eyes,Compound eyes,Run away,31,45,90,30,30,40,266,images/290.png
291,Ninjask,Bug,Flying,Speed boost,Speed boost,Infiltrator,61,90,45,50,50,160,456,images/291.png
292,Shedinja,Bug,Ghost,Wonder guard,Wonder guard,,1,90,45,30,30,40,236,images/292.png
293,Whismur,Normal,Normal,Soundproof,Soundproof,Rattled,64,51,23,51,23,28,240,images/293.png
294,Loudred,Normal,Normal,Soundproof,Soundproof,Scrappy,84,71,43,71,43,48,360,images/294.png
295,Exploud,Normal,Normal,Soundproof,Soundproof,Scrappy,104,91,63,91,73,68,490,images/295.png
296,Makuhita,Fighting,Fighting,Thick fat,Guts,Sheer force,72,60,30,20,30,25,237,images/296.png
297,Hariyama,Fighting,Fighting,Thick fat,Guts,Sheer force,144,120,60,40,60,50,474,images/297.png
298,Azurill,Normal,Fairy,Thick fat,Huge power,Sap sipper,50,20,40,20,40,20,190,images/298.png
299,Nosepass,Rock,Rock,Sturdy,Magnet pull,Sand force,30,45,135,45,90,30,375,images/299.png
300,Skitty,Normal,Normal,Cute charm,Normalize,Wonder skin,50,45,45,35,35,50,260,images/300.png
301,Delcatty,Normal,Normal,Cute charm,Normalize,Wonder skin,70,65,65,55,55,90,400,images/301.png
302,Sableye,Dark,Ghost,Keen eye,Stall,Prankster,50,75,75,65,65,50,380,images/302.png
303,Mawile,Steel,Fairy,Hyper cutter,Intimidate,Sheer force,50,85,85,55,55,50,380,images/303.png
304,Aron,Steel,Rock,Sturdy,Rock head,Heavy metal,50,70,100,40,40,30,330,images/304.png
305,Lairon,Steel,Rock,Sturdy,Rock head,Heavy metal,60,90,140,50,50,40,430,images/305.png
306,Aggron,Steel,Rock,Sturdy,Rock head,Heavy metal,70,110,180,60,60,50,530,images/306.png
307,Meditite,Fighting,Psychic,Pure power,Pure power,Telepathy,30,40,55,40,55,60,280,images/307.png
308,Medicham,Fighting,Psychic,Pure power,Pure power,Telepathy,60,60,75,60,75,80,410,images/308.png
309,Electrike,Electric,Electric,Static,Lightning rod,Minus,40,45,40,65,40,65,295,images/309.png
310,Manectric,Electric,Electric,Static,Lightning rod,Minus,70,75,60,105,60,105,475,images/310.png
311,Plusle,Electric,Electric,Plus,Plus,Lightning rod,60,50,40,85,75,95,405,images/311.png
312,Minun,Electric,Electric,Minus,Minus,Volt absorb,60,40,50,75,85,95,405,images/312.png
313,Volbeat,Bug,Bug,Illuminate,Swarm,Prankster,65,73,75,47,85,85,430,images/313.png
314,Illumise,Bug,Bug,Oblivious,Tinted lens,Prankster,65,47,75,73,85,85,430,images/314.png
315,Roselia,Grass,Poison,Natural cure,Poison point,Leaf guard,50,60,45,100,80,65,400,images/315.png
316,Gulpin,Poison,Poison,Liquid ooze,Sticky hold,Gluttony,70,43,53,43,53,40,302,images/316.png
317,Swalot,Poison,Poison,Liquid ooze,Sticky hold,Gluttony,100,73,83,73,83,55,467,images/317.png
318,Carvanha,Water,Dark,Rough skin,Rough skin,Speed boost,45,90,20,65,20,65,305,images/318.png
319,Sharpedo,Water,Dark,Rough skin,Rough skin,Speed boost,70,120,40,95,40,95,460,images/319.png
320,Wailmer,Water,Water,Water veil,Oblivious,Pressure,130,70,35,70,35,60,400,images/320.png
321,Wailord,Water,Water,Water veil,Oblivious,Pressure,170,90,45,90,45,60,500,images/321.png
322,Numel,Fire,Ground,Oblivious,Simple,Own tempo,60,60,40,65,45,35,305,images/322.png
323,Camerupt,Fire,Ground,Magma armor,Solid rock,Anger point,70,100,70,105,75,40,460,images/323.png
324,Torkoal,Fire,Fire,White smoke,Drought,Shell armor,70,85,140,85,70,20,470,images/324.png
325,Spoink,Psychic,Psychic,Thick fat,Own tempo,Gluttony,60,25,35,70,80,60,330,images/325.png
326,Grumpig,Psychic,Psychic,Thick fat,Own tempo,Gluttony,80,45,65,90,110,80,470,images/326.png
327,Spinda,Normal,Normal,Own tempo,Tangled feet,Contrary,60,60,60,60,60,60,360,images/327.png
328,Trapinch,Ground,Ground,Hyper cutter,Arena trap,Sheer force,45,100,45,45,45,10,290,images/328.png
329,Vibrava,Ground,Dragon,Levitate,Levitate,,50,70,50,50,50,70,340,images/329.png
330,Flygon,Ground,Dragon,Levitate,Levitate,,80,100,80,80,80,100,520,images/330.png
331,Cacnea,Grass,Grass,Sand veil,Sand veil,Water absorb,50,85,40,85,40,35,335,images/331.png
332,Cacturne,Grass,Dark,Sand veil,Sand veil,Water absorb,70,115,60,115,60,55,475,images/332.png
333,Swablu,Normal,Flying,Natural cure,Natural cure,Cloud nine,45,40,60,40,75,50,310,images/333.png
334,Altaria,Dragon,Flying,Natural cure,Natural cure,Cloud nine,75,70,90,70,105,80,490,images/334.png
335,Zangoose,Normal,Normal,Immunity,Immunity,Toxic boost,73,115,60,60,60,90,458,images/335.png
336,Seviper,Poison,Poison,Shed skin,Shed skin,Infiltrator,73,100,60,100,60,65,458,images/336.png
337,Lunatone,Rock,Psychic,Levitate,Levitate,,90,55,65,95,85,70,460,images/337.png
338,Solrock,Rock,Psychic,Levitate,Levitate,,90,95,85,55,65,70,460,images/338.png
339,Barboach,Water,Ground,Oblivious,Anticipation,Hydration,50,48,43,46,41,60,288,images/339.png
340,Whiscash,Water,Ground,Oblivious,Anticipation,Hydration,110,78,73,76,71,60,468,images/340.png
341,Corphish,Water,Water,Hyper cutter,Shell armor,Adaptability,43,80,65,50,35,35,308,images/341.png
342,Crawdaunt,Water,Dark,Hyper cutter,Shell armor,Adaptability,63,120,85,90,55,55,468,images/342.png
343,Baltoy,Ground,Psychic,Levitate,Levitate,,40,40,55,40,70,55,300,images/343.png
344,Claydol,Ground,Psychic,Levitate,Levitate,,60,70,105,70,120,75,500,images/344.png
345,Lileep,Rock,Grass,Suction cups,Suction cups,Storm drain,66,41,77,61,87,23,355,images/345.png
346,Cradily,Rock,Grass,Suction cups,Suction cups,Storm drain,86,81,97,81,107,43,495,images/346.png
347,Anorith,Rock,Bug,Battle armor,Battle armor,Swift swim,45,95,50,40,50,75,355,images/347.png
348,Armaldo,Rock,Bug,Battle armor,Battle armor,Swift swim,75,125,100,70,80,45,495,images/348.png
349,Feebas,Water,Water,Swift swim,Oblivious,Adaptability,20,15,20,10,55,80,200,images/349.png
350,Milotic,Water,Water,Marvel scale,Competitive,Cute charm,95,60,79,100,125,81,540,images/350.png
351,Castform,Normal,Normal,Forecast,Forecast,,70,70,70,70,70,70,420,images/351.png
352,Kecleon,Normal,Normal,Color change,Color change,Protean,60,90,70,60,120,40,440,images/352.png
353,Shuppet,Ghost,Ghost,Insomnia,Frisk,Cursed body,44,75,35,63,33,45,295,images/353.png
354,Banette,Ghost,Ghost,Insomnia,Frisk,Cursed body,64,115,65,83,63,65,455,images/354.png
355,Duskull,Ghost,Ghost,Levitate,Levitate,Frisk,20,40,90,30,90,25,295,images/355.png
356,Dusclops,Ghost,Ghost,Pressure,Pressure,Frisk,40,70,130,60,130,25,455,images/356.png
357,Tropius,Grass,Flying,Chlorophyll,Solar power,Harvest,99,68,83,72,87,51,460,images/357.png
358,Chimecho,Psychic,Psychic,Levitate,Levitate,,75,50,80,95,90,65,455,images/358.png
359,Absol,Dark,Dark,Pressure,Super luck,Justified,65,130,60,75,60,75,465,images/359.png
360,Wynaut,Psychic,Psychic,Shadow tag,Shadow tag,Telepathy,95,23,48,23,48,23,260,images/360.png
361,Snorunt,Ice,Ice,Inner focus,Ice body,Moody,50,50,50,50,50,50,300,images/361.png
362,Glalie,Ice,Ice,Inner focus,Ice body,Moody,80,80,80,80,80,80,480,images/362.png
363,Spheal,Ice,Water,Thick fat,Ice body,Oblivious,70,40,50,55,50,25,290,images/363.png
364,Sealeo,Ice,Water,Thick fat,Ice body,Oblivious,90,60,70,75,70,45,410,images/364.png
365,Walrein,Ice,Water,Thick fat,Ice body,Oblivious,110,80,90,95,90,65,530,images/365.png
366,Clamperl,Water,Water,Shell armor,Shell armor,Rattled,35,64,85,74,55,32,345,images/366.png
367,Huntail,Water,Water,Swift swim,Swift swim,Water veil,55,104,105,94,75,52,485,images/367.png
368,Gorebyss,Water,Water,Swift swim,Swift swim,Hydration,55,84,105,114,75,52,485,images/368.png
369,Relicanth,Water,Rock,Swift swim,Rock head,Sturdy,100,90,130,45,65,55,485,images/369.png
370,Luvdisc,Water,Water,Swift swim,Swift swim,Hydration,43,30,55,40,65,97,330,images/370.png
371,Bagon,Dragon,Dragon,Rock head,Rock head,Sheer force,45,75,60,40,30,50,300,images/371.png
372,Shelgon,Dragon,Dragon,Rock head,Rock head,Overcoat,65,95,100,60,50,50,420,images/372.png
373,Salamence,Dragon,Flying,Intimidate,Intimidate,Moxie,95,135,80,110,80,100,600,images/373.png
374,Beldum,Steel,Psychic,Clear body,Clear body,Light metal,40,55,80,35,60,30,300,images/374.png
375,Metang,Steel,Psychic,Clear body,Clear body,Light metal,60,75,100,55,80,50,420,images/375.png
376,Metagross,Steel,Psychic,Clear body,Clear body,Light metal,80,135,130,95,90,70,600,images/376.png
377,Regirock,Rock,Rock,Clear body,Clear body,Sturdy,80,100,200,50,100,50,580,images/377.png
378,Regice,Ice,Ice,Clear body,Clear body,Ice body,80,50,100,100,200,50,580,images/378.png
379,Registeel,Steel,Steel,Clear body,Clear body,Light metal,80,75,150,75,150,50,580,images/379.png
380,Latias,Dragon,Psychic,Levitate,Levitate,,80,80,90,110,130,110,600,images/380.png
381,Latios,Dragon,Psychic,Levitate,Levitate,,80,90,80,130,110,110,600,images/381.png
382,Kyogre,Water,Water,Drizzle,Drizzle,,100,100,90,150,140,90,670,images/382.png
383,Groudon,Ground,Ground,Drought,Drought,,100,150,140,100,90,90,670,images/383.png
384,Rayquaza,Dragon,Flying,Air lock,Air lock,,105,150,90,150,90,95,680,images/384.png
385,Jirachi,Steel,Psychic,Serene grace,Serene grace,,100,100,100,100,100,100,600,images/385.png
386,Deoxys,Psychic,Psychic,Pressure,Pressure,,50,150,50,150,50,150,600,images/386.png
387,Turtwig,Grass,Grass,Overgrow,Overgrow,Shell armor,55,68,64,45,55,31,318,images/387.png
388,Grotle,Grass,Grass,Overgrow,Overgrow,Shell armor,75,89,85,55,65,36,405,images/388.png
389,Torterra,Grass,Ground,Overgrow,Overgrow,Shell armor,95,109,105,75,85,56,525,images/389.png
390,Chimchar,Fire,Fire,Blaze,Blaze,Iron fist,44,58,44,58,44,61,309,images/390.png
391,Monferno,Fire,Fighting,Blaze,Blaze,Iron fist,64,78,52,78,52,81,405,images/391.png
392,Infernape,Fire,Fighting,Blaze,Blaze,Iron fist,76,104,71,104,71,108,534,images/392.png
393,Piplup,Water,Water,Torrent,Torrent,Defiant,53,51,53,61,56,40,314,images/393.png
394,Prinplup,Water,Water,Torrent,Torrent,Defiant,64,66,68,81,76,50,405,images/394.png
395,Empoleon,Water,Steel,Torrent,Torrent,Defiant,84,86,88,111,101,60,530,images/395.png
396,Starly,Normal,Flying,Keen eye,Keen eye,Reckless,40,55,30,30,30,60,245,images/396.png
397,Staravia,Normal,Flying,Intimidate,Intimidate,Reckless,55,75,50,40,40,80,340,images/397.png
398,Staraptor,Normal,Flying,Intimidate,Intimidate,Reckless,85,120,70,50,60,100,485,images/398.png
399,Bidoof,Normal,Normal,Simple,Unaware,Moody,59,45,40,35,40,31,250,images/399.png
400,Bibarel,Normal,Water,Simple,Unaware,Moody,79,85,60,55,60,71,410,images/400.png
401,Kricketot,Bug,Bug,Shed skin,Shed skin,Run away,37,25,41,25,41,25,194,images/401.png
402,Kricketune,Bug,Bug,Swarm,Swarm,Technician,77,85,51,55,51,65,384,images/402.png
403,Shinx,Electric,Electric,Rivalry,Intimidate,Guts,45,65,34,40,34,45,263,images/403.png
404,Luxio,Electric,Electric,Rivalry,Intimidate,Guts,60,85,49,60,49,60,363,images/404.png
405,Luxray,Electric,Electric,Rivalry,Intimidate,Guts,80,120,79,95,79,70,523,images/405.png
406,Budew,Grass,Poison,Natural cure,Poison point,Leaf guard,40,30,35,50,70,55,280,images/406.png
407,Roserade,Grass,Poison,Natural cure,Poison point,Technician,60,70,65,125,105,90,515,images/407.png
408,Cranidos,Rock,Rock,Mold breaker,Mold breaker,Sheer force,67,125,40,30,30,58,350,images/408.png
409,Rampardos,Rock,Rock,Mold breaker,Mold breaker,Sheer force,97,165,60,65,50,58,495,images/409.png
410,Shieldon,Rock,Steel,Sturdy,Sturdy,Soundproof,30,42,118,42,88,30,350,images/410.png
411,Bastiodon,Rock,Steel,Sturdy,Sturdy,Soundproof,60,52,168,47,138,30,495,images/411.png
412,Burmy,Bug,Bug,Shed skin,Shed skin,Overcoat,40,29,45,29,45,36,224,images/412.png
413,Wormadam,Bug,Grass,Anticipation,Anticipation,Overcoat,60,59,85,79,105,36,424,images/413.png
414,Mothim,Bug,Flying,Swarm,Swarm,Tinted lens,70,94,50,94,50,66,424,images/414.png
415,Combee,Bug,Flying,Honey gather,Honey gather,Hustle,30,30,42,30,42,70,244,images/415.png
416,Vespiquen,Bug,Flying,Pressure,Pressure,Unnerve,70,80,102,80,102,40,474,images/416.png
417,Pachirisu,Electric,Electric,Run away,Pickup,Volt absorb,60,45,70,45,90,95,405,images/417.png
418,Buizel,Water,Water,Swift swim,Swift swim,Water veil,55,65,35,60,30,85,330,images/418.png
419,Floatzel,Water,Water,Swift swim,Swift swim,Water veil,85,105,55,85,50,115,495,images/419.png
420,Cherubi,Grass,Grass,Chlorophyll,Chlorophyll,,45,35,45,62,53,35,275,images/420.png
421,Cherrim,Grass,Grass,Flower gift,Flower gift,,70,60,70,87,78,85,450,images/421.png
422,Shellos,Water,Water,Sticky hold,Storm drain,Sand force,76,48,48,57,62,34,325,images/422.png
423,Gastrodon,Water,Ground,Sticky hold,Storm drain,Sand force,111,83,68,92,82,39,475,images/423.png
424,Ambipom,Normal,Normal,Technician,Pickup,Skill link,75,100,66,60,66,115,482,images/424.png
425,Drifloon,Ghost,Flying,Aftermath,Unburden,Flare boost,90,50,34,60,44,70,348,images/425.png
426,Drifblim,Ghost,Flying,Aftermath,Unburden,Flare boost,150,80,44,90,54,80,498,images/426.png
427,Buneary,Normal,Normal,Run away,Klutz,Limber,55,66,44,44,56,85,350,images/427.png
428,Lopunny,Normal,Normal,Cute charm,Klutz,Limber,65,76,84,54,96,105,480,images/428.png
429,Mismagius,Ghost,Ghost,Levitate,Levitate,,60,60,60,105,105,105,495,images/429.png
430,Honchkrow,Dark,Flying,Insomnia,Super luck,Moxie,100,125,52,105,52,71,505,images/430.png
431,Glameow,Normal,Normal,Limber,Own tempo,Keen eye,49,55,42,42,37,85,310,images/431.png
432,Purugly,Normal,Normal,Thick fat,Own tempo,Defiant,71,82,64,64,59,112,452,images/432.png
433,Chingling,Psychic,Psychic,Levitate,Levitate,,45,30,50,65,50,45,285,images/433.png
434,Stunky,Poison,Dark,Stench,Aftermath,Keen eye,63,63,47,41,41,74,329,images/434.png
435,Skuntank,Poison,Dark,Stench,Aftermath,Keen eye,103,93,67,71,61,84,479,images/435.png
436,Bronzor,Steel,Psychic,Levitate,Heatproof,Heavy metal,57,24,86,24,86,23,300,images/436.png
437,Bronzong,Steel,Psychic,Levitate,Heatproof,Heavy metal,67,89,116,79,116,33,500,images/437.png
438,Bonsly,Rock,Rock,Sturdy,Rock head,Rattled,50,80,95,10,45,10,290,images/438.png
439,Mime jr,Psychic,Fairy,Soundproof,Filter,Technician,20,25,45,70,90,60,310,images/439.png
440,Happiny,Normal,Normal,Natural cure,Serene grace,Friend guard,100,5,5,15,65,30,220,images/440.png
441,Chatot,Normal,Flying,Keen eye,Tangled feet,Big pecks,76,65,45,92,42,91,411,images/441.png
442,Spiritomb,Ghost,Dark,Pressure,Pressure,Infiltrator,50,92,108,92,108,35,485,images/442.png
443,Gible,Dragon,Ground,Sand veil,Sand veil,Rough skin,58,70,45,40,45,42,300,images/443.png
444,Gabite,Dragon,Ground,Sand veil,Sand veil,Rough skin,68,90,65,50,55,82,410,images/444.png
445,Garchomp,Dragon,Ground,Sand veil,Sand veil,Rough skin,108,130,95,80,85,102,600,images/445.png
446,Munchlax,Normal,Normal,Pickup,Thick fat,Gluttony,135,85,40,40,85,5,390,images/446.png
447,Riolu,Fighting,Fighting,Steadfast,Inner focus,Prankster,40,70,40,35,40,60,285,images/447.png
448,Lucario,Fighting,Steel,Steadfast,Inner focus,Justified,70,110,70,115,70,90,525,images/448.png
449,Hippopotas,Ground,Ground,Sand stream,Sand stream,Sand force,68,72,78,38,42,32,330,images/449.png
450,Hippowdon,Ground,Ground,Sand stream,Sand stream,Sand force,108,112,118,68,72,47,525,images/450.png
451,Skorupi,Poison,Bug,Battle armor,Sniper,Keen eye,40,50,90,30,55,65,330,images/451.png
452,Drapion,Poison,Dark,Battle armor,Sniper,Keen eye,70,90,110,60,75,95,500,images/452.png
453,Croagunk,Poison,Fighting,Anticipation,Dry skin,Poison touch,48,61,40,61,40,50,300,images/453.png
454,Toxicroak,Poison,Fighting,Anticipation,Dry skin,Poison touch,83,106,65,86,65,85,490,images/454.png
455,Carnivine,Grass,Grass,Levitate,Levitate,,74,100,72,90,72,46,454,images/455.png
456,Finneon,Water,Water,Swift swim,Storm drain,Water veil,49,49,56,49,61,66,330,images/456.png
457,Lumineon,Water,Water,Swift swim,Storm drain,Water veil,69,69,76,69,86,91,460,images/457.png
458,Mantyke,Water,Flying,Swift swim,Water absorb,Water veil,45,20,50,60,120,50,345,images/458.png
459,Snover,Grass,Ice,Snow warning,Snow warning,Soundproof,60,62,50,62,60,40,334,images/459.png
460,Abomasnow,Grass,Ice,Snow warning,Snow warning,Soundproof,90,92,75,92,85,60,494,images/460.png
461,Weavile,Dark,Ice,Pressure,Pressure,Pickpocket,70,120,65,45,85,125,510,images/461.png
462,Magnezone,Electric,Steel,Magnet pull,Sturdy,Analytic,70,70,115,130,90,60,535,images/462.png
463,Lickilicky,Normal,Normal,Own tempo,Oblivious,Cloud nine,110,85,95,80,95,50,515,images/463.png
464,Rhyperior,Ground,Rock,Lightning rod,Solid rock,Reckless,115,140,130,55,55,40,535,images/464.png
465,Tangrowth,Grass,Grass,Chlorophyll,Leaf guard,Regenerator,100,100,125,110,50,50,535,images/465.png
466,Electivire,Electric,Electric,Motor drive,Motor drive,Vital spirit,75,123,67,95,85,95,540,images/466.png
467,Magmortar,Fire,Fire,Flame body,Flame body,Vital spirit,75,95,67,125,95,83,540,images/467.png
468,Togekiss,Fairy,Flying,Hustle,Serene grace,Super luck,85,50,95,120,115,80,545,images/468.png
469,Yanmega,Bug,Flying,Speed boost,Tinted lens,Frisk,86,76,86,116,56,95,515,images/469.png
470,Leafeon,Grass,Grass,Leaf guard,Leaf guard,Chlorophyll,65,110,130,60,65,95,525,images/470.png
471,Glaceon,Ice,Ice,Snow cloak,Snow cloak,Ice body,65,60,110,130,95,65,525,images/471.png
472,Gliscor,Ground,Flying,Hyper cutter,Sand veil,Poison heal,75,95,125,45,75,95,510,images/472.png
473,Mamoswine,Ice,Ground,Oblivious,Snow cloak,Thick fat,110,130,80,70,60,80,530,images/473.png
474,Porygon z,Normal,Normal,Adaptability,Download,Analytic,85,80,70,135,75,90,535,images/474.png
475,Gallade,Psychic,Fighting,Steadfast,Steadfast,Justified,68,125,65,65,115,80,518,images/475.png
476,Probopass,Rock,Steel,Sturdy,Magnet pull,Sand force,60,55,145,75,150,40,525,images/476.png
477,Dusknoir,Ghost,Ghost,Pressure,Pressure,Frisk,45,100,135,65,135,45,525,images/477.png
478,Froslass,Ice,Ghost,Snow cloak,Snow cloak,Cursed body,70,80,70,80,70,110,480,images/478.png
479,Rotom,Electric,Ghost,Levitate,Levitate,,50,50,77,95,77,91,440,images/479.png
480,Uxie,Psychic,Psychic,Levitate,Levitate,,75,75,130,75,130,95,580,images/480.png
481,Mesprit,Psychic,Psychic,Levitate,Levitate,,80,105,105,105,105,80,580,images/481.png
482,Azelf,Psychic,Psychic,Levitate,Levitate,,75,125,70,125,70,115,580,images/482.png
483,Dialga,Steel,Dragon,Pressure,Pressure,Telepathy,100,120,120,150,100,90,680,images/483.png
484,Palkia,Water,Dragon,Pressure,Pressure,Telepathy,90,120,100,150,120,100,680,images/484.png
485,Heatran,Fire,Steel,Flash fire,Flash fire,Flame body,91,90,106,130,106,77,600,images/485.png
486,Regigigas,Normal,Normal,Slow start,Slow start,,110,160,110,80,110,100,670,images/486.png
487,Giratina,Ghost,Dragon,Pressure,Pressure,Telepathy,150,100,120,100,120,90,680,images/487.png
488,Cresselia,Psychic,Psychic,Levitate,Levitate,,120,70,120,75,130,85,600,images/488.png
489,Phione,Water,Water,Hydration,Hydration,,80,80,80,80,80,80,480,images/489.png
490,Manaphy,Water,Water,Hydration,Hydration,,100,100,100,100,100,100,600,images/490.png
491,Darkrai,Dark,Dark,Bad dreams,Bad dreams,,70,90,90,135,90,125,600,images/491.png
492,Shaymin,Grass,Grass,Natural cure,Natural cure,,100,100,100,100,100,100,600,images/492.png
493,Arceus,Normal,Normal,Multitype,Multitype,,120,120,120,120,120,120,720,images/493.png
494,Victini,Psychic,Fire,Victory star,Victory star,,100,100,100,100,100,100,600,images/494.png
495,Snivy,Grass,Grass,Overgrow,Overgrow,Contrary,45,45,55,45,55,63,308,images/495.png
496,Servine,Grass,Grass,Overgrow,Overgrow,Contrary,60,60,75,60,75,83,413,images/496.png
497,Serperior,Grass,Grass,Overgrow,Overgrow,Contrary,75,75,95,75,95,113,528,images/497.png
498,Tepig,Fire,Fire,Blaze,Blaze,Thick fat,65,63,45,45,45,45,308,images/498.png
499,Pignite,Fire,Fighting,Blaze,Blaze,Thick fat,90,93,55,70,55,55,418,images/499.png
500,Emboar,Fire,Fighting,Blaze,Blaze,Reckless,110,123,65,100,65,65,528,images/500.png
501,Oshawott,Water,Water,Torrent,Torrent,Shell armor,55,55,45,63,45,45,308,images/501.png
502,Dewott,Water,Water,Torrent,Torrent,Shell armor,75,75,60,83,60,60,413,images/502.png
503,Samurott,Water,Water,Torrent,Torrent,Shell armor,95,100,85,108,70,70,528,images/503.png
504,Patrat,Normal,Normal,Run away,Keen eye,Analytic,45,55,39,35,39,42,255,images/504.png
505,Watchog,Normal,Normal,Illuminate,Keen eye,Analytic,60,85,69,60,69,77,420,images/505.png
506,Lillipup,Normal,Normal,Vital spirit,Pickup,Run away,45,60,45,25,45,55,275,images/506.png
507,Herdier,Normal,Normal,Intimidate,Sand rush,Scrappy,65,80,65,35,65,60,370,images/507.png
508,Stoutland,Normal,Normal,Intimidate,Sand rush,Scrappy,85,110,90,45,90,80,500,images/508.png
509,Purrloin,Dark,Dark,Limber,Unburden,Prankster,41,50,37,50,37,66,281,images/509.png
510,Liepard,Dark,Dark,Limber,Unburden,Prankster,64,88,50,88,50,106,446,images/510.png
511,Pansage,Grass,Grass,Gluttony,Gluttony,Overgrow,50,53,48,53,48,64,316,images/511.png
512,Simisage,Grass,Grass,Gluttony,Gluttony,Overgrow,75,98,63,98,63,101,498,images/512.png
513,Pansear,Fire,Fire,Gluttony,Gluttony,Blaze,50,53,48,53,48,64,316,images/513.png
514,Simisear,Fire,Fire,Gluttony,Gluttony,Blaze,75,98,63,98,63,101,498,images/514.png
515,Panpour,Water,Water,Gluttony,Gluttony,Torrent,50,53,48,53,48,64,316,images/515.png
516,Simipour,Water,Water,Gluttony,Gluttony,Torrent,75,98,63,98,63,101,498,images/516.png
517,Munna,Psychic,Psychic,Forewarn,Synchronize,Telepathy,76,25,45,67,55,24,292,images/517.png
518,Musharna,Psychic,Psychic,Forewarn,Synchronize,Telepathy,116,55,85,107,95,29,487,images/518.png
519,Pidove,Normal,Flying,Big pecks,Super luck,Rivalry,50,55,50,36,30,43,264,images/519.png
520,Tranquill,Normal,Flying,Big pecks,Super luck,Rivalry,62,77,62,50,42,65,358,images/520.png
521,Unfezant,Normal,Flying,Big pecks,Super luck,Rivalry,80,115,80,65,55,93,488,images/521.png
522,Blitzle,Electric,Electric,Lightning rod,Motor drive,Sap sipper,45,60,32,50,32,76,295,images/522.png
523,Zebstrika,Electric,Electric,Lightning rod,Motor drive,Sap sipper,75,100,63,80,63,116,497,images/523.png
524,Roggenrola,Rock,Rock,Sturdy,Weak armor,Sand force,55,75,85,25,25,15,280,images/524.png
525,Boldore,Rock,Rock,Sturdy,Weak armor,Sand force,70,105,105,50,40,20,390,images/525.png
526,Gigalith,Rock,Rock,Sturdy,Sand stream,Sand force,85,135,130,60,80,25,515,images/526.png
527,Woobat,Psychic,Flying,Unaware,Klutz,Simple,65,45,43,55,43,72,323,images/527.png
528,Swoobat,Psychic,Flying,Unaware,Klutz,Simple,67,57,55,77,55,114,425,images/528.png
529,Drilbur,Ground,Ground,Sand rush,Sand force,Mold breaker,60,85,40,30,45,68,328,images/529.png
530,Excadrill,Ground,Steel,Sand rush,Sand force,Mold breaker,110,135,60,50,65,88,508,images/530.png
531,Audino,Normal,Normal,Healer,Regenerator,Klutz,103,60,86,60,86,50,445,images/531.png
532,Timburr,Fighting,Fighting,Guts,Sheer force,Iron fist,75,80,55,25,35,35,305,images/532.png
533,Gurdurr,Fighting,Fighting,Guts,Sheer force,Iron fist,85,105,85,40,50,40,405,images/533.png
534,Conkeldurr,Fighting,Fighting,Guts,Sheer force,Iron fist,105,140,95,55,65,45,505,images/534.png
535,Tympole,Water,Water,Swift swim,Hydration,Water absorb,50,50,40,50,40,64,294,images/535.png
536,Palpitoad,Water,Ground,Swift swim,Hydration,Water absorb,75,65,55,65,55,69,384,images/536.png
537,Seismitoad,Water,Ground,Swift swim,Poison touch,Water absorb,105,95,75,85,75,74,509,images/537.png
538,Throh,Fighting,Fighting,Guts,Inner focus,Mold breaker,120,100,85,30,85,45,465,images/538.png
539,Sawk,Fighting,Fighting,Sturdy,Inner focus,Mold breaker,75,125,75,30,75,85,465,images/539.png
540,Sewaddle,Bug,Grass,Swarm,Chlorophyll,Overcoat,45,53,70,40,60,42,310,images/540.png
541,Swadloon,Bug,Grass,Leaf guard,Chlorophyll,Overcoat,55,63,90,50,80,42,380,images/541.png
542,Leavanny,Bug,Grass,Swarm,Chlorophyll,Overcoat,75,103,80,70,80,92,500,images/542.png
543,Venipede,Bug,Poison,Poison point,Swarm,Speed boost,30,45,59,30,39,57,260,images/543.png
544,Whirlipede,Bug,Poison,Poison point,Swarm,Speed boost,40,55,99,40,79,47,360,images/544.png
545,Scolipede,Bug,Poison,Poison point,Swarm,Speed boost,60,100,89,55,69,112,485,images/545.png
546,Cottonee,Grass,Fairy,Prankster,Infiltrator,Chlorophyll,40,27,60,37,50,66,280,images/546.png
547,Whimsicott,Grass,Fairy,Prankster,Infiltrator,Chlorophyll,60,67,85,77,75,116,480,images/547.png
548,Petilil,Grass,Grass,Chlorophyll,Own tempo,Leaf guard,45,35,50,70,50,30,280,images/548.png
549,Lilligant,Grass,Grass,Chlorophyll,Own tempo,Leaf guard,70,60,75,110,75,90,480,images/549.png
550,Basculin,Water,Water,Reckless,Adaptability,Mold breaker,70,92,65,80,55,98,460,images/550.png
551,Sandile,Ground,Dark,Intimidate,Moxie,Anger point,50,72,35,35,35,65,292,images/551.png
552,Krokorok,Ground,Dark,Intimidate,Moxie,Anger point,60,82,45,45,45,74,351,images/552.png
553,Krookodile,Ground,Dark,Intimidate,Moxie,Anger point,95,117,80,65,70,92,519,images/553.png
554,Darumaka,Fire,Fire,Hustle,Hustle,Inner focus,70,90,45,15,45,50,315,images/554.png
555,Darmanitan,Fire,Fire,Sheer force,Sheer force,Zen mode,105,140,55,30,55,95,480,images/555.png
556,Maractus,Grass,Grass,Water absorb,Chlorophyll,Storm drain,75,86,67,106,67,60,461,images/556.png
557,Dwebble,Bug,Rock,Sturdy,Shell armor,Weak armor,50,65,85,35,35,55,325,images/557.png
558,Crustle,Bug,Rock,Sturdy,Shell armor,Weak armor,70,105,125,65,75,45,485,images/558.png
559,Scraggy,Dark,Fighting,Shed skin,Moxie,Intimidate,50,75,70,35,70,48,348,images/559.png
560,Scrafty,Dark,Fighting,Shed skin,Moxie,Intimidate,65,90,115,45,115,58,488,images/560.png
561,Sigilyph,Psychic,Flying,Wonder skin,Magic guard,Tinted lens,72,58,80,103,80,97,490,images/561.png
562,Yamask,Ghost,Ghost,Mummy,Mummy,,38,30,85,55,65,30,303,images/562.png
563,Cofagrigus,Ghost,Ghost,Mummy,Mummy,,58,50,145,95,105,30,483,images/563.png
564,Tirtouga,Water,Rock,Solid rock,Sturdy,Swift swim,54,78,103,53,45,22,355,images/564.png
565,Carracosta,Water,Rock,Solid rock,Sturdy,Swift swim,74,108,133,83,65,32,495,images/565.png
566,Archen,Rock,Flying,Defeatist,Defeatist,,55,112,45,74,45,70,401,images/566.png
567,Archeops,Rock,Flying,Defeatist,Defeatist,,75,140,65,112,65,110,567,images/567.png
568,Trubbish,Poison,Poison,Stench,Sticky hold,Aftermath,50,50,62,40,62,65,329,images/568.png
569,Garbodor,Poison,Poison,Stench,Weak armor,Aftermath,80,95,82,60,82,75,474,images/569.png
570,Zorua,Dark,Dark,Illusion,Illusion,,40,65,40,80,40,65,330,images/570.png
571,Zoroark,Dark,Dark,Illusion,Illusion,,60,105,60,120,60,105,510,images/571.png
572,Minccino,Normal,Normal,Cute charm,Technician,Skill link,55,50,40,40,40,75,300,images/572.png
573,Cinccino,Normal,Normal,Cute charm,Technician,Skill link,75,95,60,65,60,115,470,images/573.png
574,Gothita,Psychic,Psychic,Frisk,Competitive,Shadow tag,45,30,50,55,65,45,290,images/574.png
575,Gothorita,Psychic,Psychic,Frisk,Competitive,Shadow tag,60,45,70,75,85,55,390,images/575.png
576,Gothitelle,Psychic,Psychic,Frisk,Competitive,Shadow tag,70,55,95,95,110,65,490,images/576.png
577,Solosis,Psychic,Psychic,Overcoat,Magic guard,Regenerator,45,30,40,105,50,20,290,images/577.png
578,Duosion,Psychic,Psychic,Overcoat,Magic guard,Regenerator,65,40,50,125,60,30,370,images/578.png
579,Reuniclus,Psychic,Psychic,Overcoat,Magic guard,Regenerator,110,65,75,125,85,30,490,images/579.png
580,Ducklett,Water,Flying,Keen eye,Big pecks,Hydration,62,44,50,44,50,55,305,images/580.png
581,Swanna,Water,Flying,Keen eye,Big pecks,Hydration,75,87,63,87,63,98,473,images/581.png
582,Vanillite,Ice,Ice,Ice body,Snow cloak,Weak armor,36,50,50,65,60,44,305,images/582.png
583,Vanillish,Ice,Ice,Ice body,Snow cloak,Weak armor,51,65,65,80,75,59,395,images/583.png
584,Vanilluxe,Ice,Ice,Ice body,Snow warning,Weak armor,71,95,85,110,95,79,535,images/584.png
585,Deerling,Normal,Grass,Chlorophyll,Sap sipper,Serene grace,60,60,50,40,50,75,335,images/585.png
586,Sawsbuck,Normal,Grass,Chlorophyll,Sap sipper,Serene grace,80,100,70,60,70,95,475,images/586.png
587,Emolga,Electric,Flying,Static,Static,Motor drive,55,75,60,75,60,103,428,images/587.png
588,Karrablast,Bug,Bug,Swarm,Shed skin,No guard,50,75,45,40,45,60,315,images/588.png
589,Escavalier,Bug,Steel,Swarm,Shell armor,Overcoat,70,135,105,60,105,20,495,images/589.png
590,Foongus,Grass,Poison,Effect spore,Effect spore,Regenerator,69,55,45,55,55,15,294,images/590.png
591,Amoonguss,Grass,Poison,Effect spore,Effect spore,Regenerator,114,85,70,85,80,30,464,images/591.png
592,Frillish,Water,Ghost,Water absorb,Cursed body,Damp,55,40,50,65,85,40,335,images/592.png
593,Jellicent,Water,Ghost,Water absorb,Cursed body,Damp,100,60,70,85,105,60,480,images/593.png
594,Alomomola,Water,Water,Healer,Hydration,Regenerator,165,75,80,40,45,65,470,images/594.png
595,Joltik,Bug,Electric,Compound eyes,Unnerve,Swarm,50,47,50,57,50,65,319,images/595.png
596,Galvantula,Bug,Electric,Compound eyes,Unnerve,Swarm,70,77,60,97,60,108,472,images/596.png
597,Ferroseed,Grass,Steel,Iron barbs,Iron barbs,,44,50,91,24,86,10,305,images/597.png
598,Ferrothorn,Grass,Steel,Iron barbs,Iron barbs,Anticipation,74,94,131,54,116,20,489,images/598.png
599,Klink,Steel,Steel,Plus,Minus,Clear body,40,55,70,45,60,30,300,images/599.png
600,Klang,Steel,Steel,Plus,Minus,Clear body,60,80,95,70,85,50,440,images/600.png
601,Klinklang,Steel,Steel,Plus,Minus,Clear body,60,100,115,70,85,90,520,images/601.png
602,Tynamo,Electric,Electric,Levitate,Levitate,,35,55,40,45,40,60,275,images/602.png
603,Eelektrik,Electric,Electric,Levitate,Levitate,,65,85,70,75,70,40,405,images/603.png
604,Eelektross,Electric,Electric,Levitate,Levitate,,85,115,80,105,80,50,515,images/604.png
605,Elgyem,Psychic,Psychic,Telepathy,Synchronize,Analytic,55,55,55,85,55,30,335,images/605.png
606,Beheeyem,Psychic,Psychic,Telepathy,Synchronize,Analytic,75,75,75,125,95,40,485,images/606.png
607,Litwick,Ghost,Fire,Flash fire,Flame body,Infiltrator,50,30,55,65,55,20,275,images/607.png
608,Lampent,Ghost,Fire,Flash fire,Flame body,Infiltrator,60,40,60,95,60,55,370,images/608.png
609,Chandelure,Ghost,Fire,Flash fire,Flame body,Infiltrator,60,55,90,145,90,80,520,images/609.png
610,Axew,Dragon,Dragon,Rivalry,Mold breaker,Unnerve,46,87,60,30,40,57,320,images/610.png
611,Fraxure,Dragon,Dragon,Rivalry,Mold breaker,Unnerve,66,117,70,40,50,67,410,images/611.png
612,Haxorus,Dragon,Dragon,Rivalry,Mold breaker,Unnerve,76,147,90,60,70,97,540,images/612.png
613,Cubchoo,Ice,Ice,Snow cloak,Slush rush,Rattled,55,70,40,60,40,40,305,images/613.png
614,Beartic,Ice,Ice,Snow cloak,Slush rush,Swift swim,95,130,80,70,80,50,505,images/614.png
615,Cryogonal,Ice,Ice,Levitate,Levitate,,80,50,50,95,135,105,515,images/615.png
616,Shelmet,Bug,Bug,Hydration,Shell armor,Overcoat,50,40,85,40,65,25,305,images/616.png
617,Accelgor,Bug,Bug,Hydration,Sticky hold,Unburden,80,70,40,100,60,145,495,images/617.png
618,Stunfisk,Ground,Electric,Static,Limber,Sand veil,109,66,84,81,99,32,471,images/618.png
619,Mienfoo,Fighting,Fighting,Inner focus,Regenerator,Reckless,45,85,50,55,50,65,350,images/619.png
620,Mienshao,Fighting,Fighting,Inner focus,Regenerator,Reckless,65,125,60,95,60,105,510,images/620.png
621,Druddigon,Dragon,Dragon,Rough skin,Sheer force,Mold breaker,77,120,90,60,90,48,485,images/621.png
622,Golett,Ground,Ghost,Iron fist,Klutz,No guard,59,74,50,35,50,35,303,images/622.png
623,Golurk,Ground,Ghost,Iron fist,Klutz,No guard,89,124,80,55,80,55,483,images/623.png
624,Pawniard,Dark,Steel,Defiant,Inner focus,Pressure,45,85,70,40,40,60,340,images/624.png
625,Bisharp,Dark,Steel,Defiant,Inner focus,Pressure,65,125,100,60,70,70,490,images/625.png
626,Bouffalant,Normal,Normal,Reckless,Sap sipper,Soundproof,95,110,95,40,95,55,490,images/626.png
627,Rufflet,Normal,Flying,Keen eye,Sheer force,Hustle,70,83,50,37,50,60,350,images/627.png
628,Braviary,Normal,Flying,Keen eye,Sheer force,Defiant,100,123,75,57,75,80,510,images/628.png
629,Vullaby,Dark,Flying,Big pecks,Overcoat,Weak armor,70,55,75,45,65,60,370,images/629.png
630,Mandibuzz,Dark,Flying,Big pecks,Overcoat,Weak armor,110,65,105,55,95,80,510,images/630.png
631,Heatmor,Fire,Fire,Gluttony,Flash fire,White smoke,85,97,66,105,66,65,484,images/631.png
632,Durant,Bug,Steel,Swarm,Hustle,Truant,58,109,112,48,48,109,484,images/632.png
633,Deino,Dark,Dragon,Hustle,Hustle,,52,65,50,45,50,38,300,images/633.png
634,Zweilous,Dark,Dragon,Hustle,Hustle,,72,85,70,65,70,58,420,images/634.png
635,Hydreigon,Dark,Dragon,Levitate,Levitate,,92,105,90,125,90,98,600,images/635.png
636,Larvesta,Bug,Fire,Flame body,Flame body,Swarm,55,85,55,50,55,60,360,images/636.png
637,Volcarona,Bug,Fire,Flame body,Flame body,Swarm,85,60,65,135,105,100,550,images/637.png
638,Cobalion,Steel,Fighting,Justified,Justified,,91,90,129,90,72,108,580,images/638.png
639,Terrakion,Rock,Fighting,Justified,Justified,,91,129,90,72,90,108,580,images/639.png
640,Virizion,Grass,Fighting,Justified,Justified,,91,90,72,90,129,108,580,images/640.png
641,Tornadus,Flying,Flying,Prankster,Prankster,Defiant,79,115,70,125,80,111,580,images/641.png
642,Thundurus,Electric,Flying,Prankster,Prankster,Defiant,79,115,70,125,80,111,580,images/642.png
643,Reshiram,Dragon,Fire,Turboblaze,Turboblaze,,100,120,100,150,120,90,680,images/643.png
644,Zekrom,Dragon,Electric,Teravolt,Teravolt,,100,150,120,120,100,90,680,images/644.png
645,Landorus,Ground,Flying,Sand force,Sand force,Sheer force,89,125,90,115,80,101,600,images/645.png
646,Kyurem,Dragon,Ice,Pressure,Pressure,,125,130,90,130,90,95,660,images/646.png
647,Keldeo,Water,Fighting,Justified,Justified,,91,72,90,129,90,108,580,images/647.png
648,Meloetta,Normal,Psychic,Serene grace,Serene grace,,100,77,77,128,128,90,600,images/648.png
649,Genesect,Bug,Steel,Download,Download,,71,120,95,120,95,99,600,images/649.png
650,Chespin,Grass,Grass,Overgrow,Overgrow,Bulletproof,56,61,65,48,45,38,313,images/650.png
651,Quilladin,Grass,Grass,Overgrow,Overgrow,Bulletproof,61,78,95,56,58,57,405,images/651.png
652,Chesnaught,Grass,Fighting,Overgrow,Overgrow,Bulletproof,88,107,122,74,75,64,530,images/652.png
653,Fennekin,Fire,Fire,Blaze,Blaze,Magician,40,45,40,62,60,60,307,images/653.png
654,Braixen,Fire,Fire,Blaze,Blaze,Magician,59,59,58,90,70,73,409,images/654.png
655,Delphox,Fire,Psychic,Blaze,Blaze,Magician,75,69,72,114,100,104,534,images/655.png
656,Froakie,Water,Water,Torrent,Torrent,Protean,41,56,40,62,44,71,314,images/656.png
657,Frogadier,Water,Water,Torrent,Torrent,Protean,54,63,52,83,56,97,405,images/657.png
658,Greninja,Water,Dark,Torrent,Torrent,Protean,72,95,67,103,71,122,530,images/658.png
659,Bunnelby,Normal,Normal,Pickup,Cheek pouch,Huge power,38,36,38,32,36,57,237,images/659.png
660,Diggersby,Normal,Ground,Pickup,Cheek pouch,Huge power,85,56,77,50,77,78,423,images/660.png
661,Fletchling,Normal,Flying,Big pecks,Big pecks,Gale wings,45,50,43,40,38,62,278,images/661.png
662,Fletchinder,Fire,Flying,Flame body,Flame body,Gale wings,62,73,55,56,52,84,382,images/662.png
663,Talonflame,Fire,Flying,Flame body,Flame body,Gale wings,78,81,71,74,69,126,499,images/663.png
664,Scatterbug,Bug,Bug,Shield dust,Compound eyes,Friend guard,38,35,40,27,25,35,200,images/664.png
665,Spewpa,Bug,Bug,Shed skin,Shed skin,Friend guard,45,22,60,27,30,29,213,images/665.png
666,Vivillon,Bug,Flying,Shield dust,Compound eyes,Friend guard,80,52,50,90,50,89,411,images/666.png
667,Litleo,Fire,Normal,Rivalry,Unnerve,Moxie,62,50,58,73,54,72,369,images/667.png
668,Pyroar,Fire,Normal,Rivalry,Unnerve,Moxie,86,68,72,109,66,106,507,images/668.png
669,Flabebe,Fairy,Fairy,Flower veil,Flower veil,Symbiosis,44,38,39,61,79,42,303,images/669.png
670,Floette,Fairy,Fairy,Flower veil,Flower veil,Symbiosis,54,45,47,75,98,52,371,images/670.png
671,Florges,Fairy,Fairy,Flower veil,Flower veil,Symbiosis,78,65,68,112,154,75,552,images/671.png
672,Skiddo,Grass,Grass,Sap sipper,Sap sipper,Grass pelt,66,65,48,62,57,52,350,images/672.png
673,Gogoat,Grass,Grass,Sap sipper,Sap sipper,Grass pelt,123,100,62,97,81,68,531,images/673.png
674,Pancham,Fighting,Fighting,Iron fist,Mold breaker,Scrappy,67,82,62,46,48,43,348,images/674.png
675,Pangoro,Fighting,Dark,Iron fist,Mold breaker,Scrappy,95,124,78,69,71,58,495,images/675.png
676,Furfrou,Normal,Normal,Fur coat,Fur coat,,75,80,60,65,90,102,472,images/676.png
677,Espurr,Psychic,Psychic,Keen eye,Infiltrator,Own tempo,62,48,54,63,60,68,355,images/677.png
678,Meowstic,Psychic,Psychic,Keen eye,Infiltrator,Prankster,74,48,76,83,81,104,466,images/678.png
679,Honedge,Steel,Ghost,No guard,No guard,,45,80,100,35,37,28,325,images/679.png
680,Doublade,Steel,Ghost,No guard,No guard,,59,110,150,45,49,35,448,images/680.png
681,Aegislash,Steel,Ghost,Stance change,Stance change,,60,50,150,50,150,60,520,images/681.png
682,Spritzee,Fairy,Fairy,Healer,Healer,Aroma veil,78,52,60,63,65,23,341,images/682.png
683,Aromatisse,Fairy,Fairy,Healer,Healer,Aroma veil,101,72,72,99,89,29,462,images/683.png
684,Swirlix,Fairy,Fairy,Sweet veil,Sweet veil,Unburden,62,48,66,59,57,49,341,images/684.png
685,Slurpuff,Fairy,Fairy,Sweet veil,Sweet veil,Unburden,82,80,86,85,75,72,480,images/685.png
686,Inkay,Dark,Psychic,Contrary,Suction cups,Infiltrator,53,54,53,37,46,45,288,images/686.png
687,Malamar,Dark,Psychic,Contrary,Suction cups,Infiltrator,86,92,88,68,75,73,482,images/687.png
688,Binacle,Rock,Water,Tough claws,Sniper,Pickpocket,42,52,67,39,56,50,306,images/688.png
689,Barbaracle,Rock,Water,Tough claws,Sniper,Pickpocket,72,105,115,54,86,68,500,images/689.png
690,Skrelp,Poison,Water,Poison point,Poison touch,Adaptability,50,60,60,60,60,30,320,images/690.png
691,Dragalge,Poison,Dragon,Poison point,Poison touch,Adaptability,65,75,90,97,123,44,494,images/691.png
692,Clauncher,Water,Water,Mega launcher,Mega launcher,,50,53,62,58,63,44,330,images/692.png
693,Clawitzer,Water,Water,Mega launcher,Mega launcher,,71,73,88,120,89,59,500,images/693.png
694,Helioptile,Electric,Normal,Dry skin,Sand veil,Solar power,44,38,33,61,43,70,289,images/694.png
695,Heliolisk,Electric,Normal,Dry skin,Sand veil,Solar power,62,55,52,109,94,109,481,images/695.png
696,Tyrunt,Rock,Dragon,Strong jaw,Strong jaw,Sturdy,58,89,77,45,45,48,362,images/696.png
697,Tyrantrum,Rock,Dragon,Strong jaw,Strong jaw,Rock head,82,121,119,69,59,71,521,images/697.png
698,Amaura,Rock,Ice,Refrigerate,Refrigerate,Snow warning,77,59,50,67,63,46,362,images/698.png
699,Aurorus,Rock,Ice,Refrigerate,Refrigerate,Snow warning,123,77,72,99,92,58,521,images/699.png
700,Sylveon,Fairy,Fairy,Cute charm,Cute charm,Pixilate,95,65,65,110,130,60,525,images/700.png
701,Hawlucha,Fighting,Flying,Limber,Unburden,Mold breaker,78,92,75,74,63,118,500,images/701.png
702,Dedenne,Electric,Fairy,Cheek pouch,Pickup,Plus,67,58,57,81,67,101,431,images/702.png
703,Carbink,Rock,Fairy,Clear body,Clear body,Sturdy,50,50,150,50,150,50,500,images/703.png
704,Goomy,Dragon,Dragon,Sap sipper,Hydration,Gooey,45,50,35,55,75,40,300,images/704.png
705,Sliggoo,Dragon,Dragon,Sap sipper,Hydration,Gooey,68,75,53,83,113,60,452,images/705.png
706,Goodra,Dragon,Dragon,Sap sipper,Hydration,Gooey,90,100,70,110,150,80,600,images/706.png
707,Klefki,Steel,Fairy,Prankster,Prankster,Magician,57,80,91,80,87,75,470,images/707.png
708,Phantump,Ghost,Grass,Natural cure,Frisk,Harvest,43,70,48,50,60,38,309,images/708.png
709,Trevenant,Ghost,Grass,Natural cure,Frisk,Harvest,85,110,76,65,82,56,474,images/709.png
710,Pumpkaboo,Ghost,Grass,Pickup,Frisk,Insomnia,49,66,70,44,55,51,335,images/710.png
711,Gourgeist,Ghost,Grass,Pickup,Frisk,Insomnia,65,90,122,58,75,84,494,images/711.png
712,Bergmite,Ice,Ice,Own tempo,Ice body,Sturdy,55,69,85,32,35,28,304,images/712.png
713,Avalugg,Ice,Ice,Own tempo,Ice body,Sturdy,95,117,184,44,46,28,514,images/713.png
714,Noibat,Flying,Dragon,Frisk,Infiltrator,Telepathy,40,30,35,45,40,55,245,images/714.png
715,Noivern,Flying,Dragon,Frisk,Infiltrator,Telepathy,85,70,80,97,80,123,535,images/715.png
716,Xerneas,Fairy,Fairy,Fairy aura,Fairy aura,,126,131,95,131,98,99,680,images/716.png
717,Yveltal,Dark,Flying,Dark aura,Dark aura,,126,131,95,131,98,99,680,images/717.png
718,Zygarde,Dragon,Ground,Aura break,Aura break,,108,100,121,81,95,95,600,images/718.png
719,Diancie,Rock,Fairy,Clear body,Clear body,,50,100,150,100,150,50,600,images/719.png
720,Hoopa,Psychic,Ghost,Magician,Magician,,80,110,60,150,130,70,600,images/720.png
721,Volcanion,Fire,Water,Water absorb,Water absorb,,80,110,120,130,90,70,600,images/721.png
722,Rowlet,Grass,Flying,Overgrow,Overgrow,Long reach,68,55,55,50,50,42,320,images/722.png
723,Dartrix,Grass,Flying,Overgrow,Overgrow,Long reach,78,75,75,70,70,52,420,images/723.png
724,Decidueye,Grass,Ghost,Overgrow,Overgrow,Long reach,78,107,75,100,100,70,530,images/724.png
725,Litten,Fire,Fire,Blaze,Blaze,Intimidate,45,65,40,60,40,70,320,images/725.png
726,Torracat,Fire,Fire,Blaze,Blaze,Intimidate,65,85,50,80,50,90,420,images/726.png
727,Incineroar,Fire,Dark,Blaze,Blaze,Intimidate,95,115,90,80,90,60,530,images/727.png
728,Popplio,Water,Water,Torrent,Torrent,Liquid voice,50,54,54,66,56,40,320,images/728.png
729,Brionne,Water,Water,Torrent,Torrent,Liquid voice,60,69,69,91,81,50,420,images/729.png
730,Primarina,Water,Fairy,Torrent,Torrent,Liquid voice,80,74,74,126,116,60,530,images/730.png
731,Pikipek,Normal,Flying,Keen eye,Skill link,Pickup,35,75,30,30,30,65,265,images/731.png
732,Trumbeak,Normal,Flying,Keen eye,Skill link,Pickup,55,85,50,40,50,75,355,images/732.png
733,Toucannon,Normal,Flying,Keen eye,Skill link,Sheer force,80,120,75,75,75,60,485,images/733.png
734,Yungoos,Normal,Normal,Stakeout,Strong jaw,Adaptability,48,70,30,30,30,45,253,images/734.png
735,Gumshoos,Normal,Normal,Stakeout,Strong jaw,Adaptability,88,110,60,55,60,45,418,images/735.png
736,Grubbin,Bug,Bug,Swarm,Swarm,,47,62,45,55,45,46,300,images/736.png
737,Charjabug,Bug,Electric,Battery,Battery,,57,82,95,55,75,36,400,images/737.png
738,Vikavolt,Bug,Electric,Levitate,Levitate,,77,70,90,145,75,43,500,images/738.png
739,Crabrawler,Fighting,Fighting,Hyper cutter,Iron fist,Anger point,47,82,57,42,47,63,338,images/739.png
740,Crabominable,Fighting,Ice,Hyper cutter,Iron fist,Anger point,97,132,77,62,67,43,478,images/740.png
741,Oricorio,Fire,Flying,Dancer,Dancer,,75,70,70,98,70,93,476,images/741.png
742,Cutiefly,Bug,Fairy,Honey gather,Shield dust,Sweet veil,40,45,40,55,40,84,304,images/742.png
743,Ribombee,Bug,Fairy,Honey gather,Shield dust,Sweet veil,60,55,60,95,70,124,464,images/743.png
744,Rockruff,Rock,Rock,Keen eye,Vital spirit,Steadfast,45,65,40,30,40,60,280,images/744.png
745,Lycanroc,Rock,Rock,Keen eye,Sand rush,Steadfast,75,115,65,55,65,112,487,images/745.png
746,Wishiwashi,Water,Water,Schooling,Schooling,,45,20,20,25,25,40,175,images/746.png
747,Mareanie,Poison,Water,Merciless,Limber,Regenerator,50,53,62,43,52,45,305,images/747.png
748,Toxapex,Poison,Water,Merciless,Limber,Regenerator,50,63,152,53,142,35,495,images/748.png
749,Mudbray,Ground,Ground,Own tempo,Stamina,Inner focus,70,100,70,45,55,45,385,images/749.png
750,Mudsdale,Ground,Ground,Own tempo,Stamina,Inner focus,100,125,100,55,85,35,500,images/750.png
751,Dewpider,Water,Bug,Water bubble,Water bubble,Water absorb,38,40,52,40,72,27,269,images/751.png
752,Araquanid,Water,Bug,Water bubble,Water bubble,Water absorb,68,70,92,50,132,42,454,images/752.png
753,Fomantis,Grass,Grass,Leaf guard,Leaf guard,Contrary,40,55,35,50,35,35,250,images/753.png
754,Lurantis,Grass,Grass,Leaf guard,Leaf guard,Contrary,70,105,90,80,90,45,480,images/754.png
755,Morelull,Grass,Fairy,Illuminate,Effect spore,Rain dish,40,35,55,65,75,15,285,images/755.png
756,Shiinotic,Grass,Fairy,Illuminate,Effect spore,Rain dish,60,45,80,90,100,30,405,images/756.png
757,Salandit,Poison,Fire,Corrosion,Corrosion,Oblivious,48,44,40,71,40,77,320,images/757.png
758,Salazzle,Poison,Fire,Corrosion,Corrosion,Oblivious,68,64,60,111,60,117,480,images/758.png
759,Stufful,Normal,Fighting,Fluffy,Klutz,Cute charm,70,75,50,45,50,50,340,images/759.png
760,Bewear,Normal,Fighting,Fluffy,Klutz,Unnerve,120,125,80,55,60,60,500,images/760.png
761,Bounsweet,Grass,Grass,Leaf guard,Oblivious,Sweet veil,42,30,38,30,38,32,210,images/761.png
762,Steenee,Grass,Grass,Leaf guard,Oblivious,Sweet veil,52,40,48,40,48,62,290,images/762.png
763,Tsareena,Grass,Grass,Leaf guard,Queenly majesty,Sweet veil,72,120,98,50,98,72,510,images/763.png
764,Comfey,Fairy,Fairy,Flower veil,Triage,Natural cure,51,52,90,82,110,100,485,images/764.png
765,Oranguru,Normal,Psychic,Inner focus,Telepathy,Symbiosis,90,60,80,90,110,60,490,images/765.png
766,Passimian,Fighting,Fighting,Receiver,Receiver,Defiant,100,120,90,40,60,80,490,images/766.png
767,Wimpod,Bug,Water,Wimp out,Wimp out,,25,35,40,20,30,80,230,images/767.png
768,Golisopod,Bug,Water,Emergency exit,Emergency exit,,75,125,140,60,90,40,530,images/768.png
769,Sandygast,Ghost,Ground,Water compaction,Water compaction,Sand veil,55,55,80,70,45,15,320,images/769.png
770,Palossand,Ghost,Ground,Water compaction,Water compaction,Sand veil,85,75,110,100,75,35,480,images/770.png
771,Pyukumuku,Water,Water,Innards out,Innards out,Unaware,55,60,130,30,130,5,410,images/771.png
772,Type null,Normal,Normal,Battle armor,Battle armor,,95,95,95,95,95,59,534,images/772.png
773,Silvally,Normal,Normal,Rks system,Rks system,,95,95,95,95,95,95,570,images/773.png
774,Minior,Rock,Flying,Shields down,Shields down,,60,60,100,60,100,60,440,images/774.png
775,Komala,Normal,Normal,Comatose,Comatose,,65,115,65,75,95,65,480,images/775.png
776,Turtonator,Fire,Dragon,Shell armor,Shell armor,,60,78,135,91,85,36,485,images/776.png
777,Togedemaru,Electric,Steel,Iron barbs,Lightning rod,Sturdy,65,98,63,40,73,96,435,images/777.png
778,Mimikyu,Ghost,Fairy,Disguise,Disguise,,55,90,80,50,105,96,476,images/778.png
779,Bruxish,Water,Psychic,Dazzling,Strong jaw,Wonder skin,68,105,70,70,70,92,475,images/779.png
780,Drampa,Normal,Dragon,Berserk,Sap sipper,Cloud nine,78,60,85,135,91,36,485,images/780.png
781,Dhelmise,Ghost,Grass,Steelworker,Steelworker,,70,131,100,86,90,40,517,images/781.png
782,Jangmo o,Dragon,Dragon,Bulletproof,Soundproof,Overcoat,45,55,65,45,45,45,300,images/782.png
783,Hakamo o,Dragon,Fighting,Bulletproof,Soundproof,Overcoat,55,75,90,65,70,65,420,images/783.png
784,Kommo o,Dragon,Fighting,Bulletproof,Soundproof,Overcoat,75,110,125,100,105,85,600,images/784.png
785,Tapu koko,Electric,Fairy,Electric surge,Electric surge,Telepathy,70,115,85,95,75,130,570,images/785.png
786,Tapu lele,Psychic,Fairy,Psychic surge,Psychic surge,Telepathy,70,85,75,130,115,95,570,images/786.png
787,Tapu bulu,Grass,Fairy,Grassy surge,Grassy surge,Telepathy,70,130,115,85,95,75,570,images/787.png
788,Tapu fini,Water,Fairy,Misty surge,Misty surge,Telepathy,70,75,115,95,130,85,570,images/788.png
789,Cosmog,Psychic,Psychic,Unaware,Unaware,,43,29,31,29,31,37,200,images/789.png
790,Cosmoem,Psychic,Psychic,Sturdy,Sturdy,,43,29,131,29,131,37,400,images/790.png
791,Solgaleo,Psychic,Steel,Full metal body,Full metal body,,137,137,107,113,89,97,680,images/791.png
792,Lunala,Psychic,Ghost,Shadow shield,Shadow shield,,137,113,89,137,107,97,680,images/792.png
793,Nihilego,Rock,Poison,Beast boost,Beast boost,,109,53,47,127,131,103,570,images/793.png
794,Buzzwole,Bug,Fighting,Beast boost,Beast boost,,107,139,139,53,53,79,570,images/794.png
795,Pheromosa,Bug,Fighting,Beast boost,Beast boost,,71,137,37,137,37,151,570,images/795.png
796,Xurkitree,Electric,Electric,Beast boost,Beast boost,,83,89,71,173,71,83,570,images/796.png
797,Celesteela,Steel,Flying,Beast boost,Beast boost,,97,101,103,107,101,61,570,images/797.png
798,Kartana,Grass,Steel,Beast boost,Beast boost,,59,181,131,59,31,109,570,images/798.png
799,Guzzlord,Dark,Dragon,Beast boost,Beast boost,,223,101,53,97,53,43,570,images/799.png
800,Necrozma,Psychic,Psychic,Prism armor,Prism armor,,97,107,101,127,89,79,600,images/800.png
801,Magearna,Steel,Fairy,Soul heart,Soul heart,,80,95,115,130,115,65,600,images/801.png
802,Marshadow,Fighting,Ghost,Technician,Technician,,90,125,80,90,90,125,600,images/802.png
803,Poipole,Poison,Poison,Beast boost,Beast boost,,67,73,67,73,67,73,420,images/803.png
804,Naganadel,Poison,Dragon,Beast boost,Beast boost,,73,73,73,127,73,121,540,images/804.png
805,Stakataka,Rock,Steel,Beast boost,Beast boost,,61,131,211,53,101,13,570,images/805.png
806,Blacephalon,Fire,Ghost,Beast boost,Beast boost,,53,127,53,151,79,107,570,images/806.png
807,Zeraora,Electric,Electric,Volt absorb,Volt absorb,,88,112,75,102,80,143,600,images/807.png
